scheme_id,scheme_name,ministry,min_age,max_age,max_income,eligible_gender,eligible_category,eligible_occupation,applicable_states,benefits_description,application_link
SCH001,Mahatma Jyotirao Phule Jan Arogya Yojana,Health Department Maharashtra,0,100,100000,All,All,All,Maharashtra,Free medical treatment up to Rs 5 lakh per year at government and empanelled hospitals,https://www.jeevandayee.gov.in
SCH002,Ramai Awas Gharkul Yojana,Social Justice Department Maharashtra,18,60,100000,All,SC ST,All,Maharashtra,Free house construction assistance for SC ST families in Maharashtra,https://sjsa.maharashtra.gov.in
SCH003,Shasan Aapla Dari Yojana,General Administration Maharashtra,18,100,200000,All,All,All,Maharashtra,Government services delivered at doorstep to citizens of Maharashtra,https://aaplesarkar.mahaonline.gov.in
SCH004,Maharashtra Annasaheb Patil Loan Scheme,Minority Finance Corporation Maharashtra,18,45,800000,All,General OBC,Small Business Owner,Maharashtra,Interest free or low interest loan up to Rs 10 lakh for Maratha entrepreneurs,https://mahavikas.maharashtra.gov.in
SCH005,Balasaheb Thackeray Udyojak Yojana,Industries Department Maharashtra,18,50,500000,All,All,Small Business Owner,Maharashtra,Financial assistance and training support for new entrepreneurs in Maharashtra,https://industries.maharashtra.gov.in
SCH006,Maharashtra Setu Scheme,Skill Development Maharashtra,18,45,300000,All,All,Unemployed,Maharashtra,Free skill development training and job placement assistance for unemployed youth,https://mahaswayam.gov.in
SCH007,Savitribai Phule Scholarship Girls,Education Department Maharashtra,10,21,200000,Female,All,Student,Maharashtra,Monthly scholarship for girl students studying in class 5 to graduation in Maharashtra,https://mahadbt.maharashtra.gov.in
SCH008,Maharashtra EBC Scholarship,Education Department Maharashtra,15,30,600000,All,General,Student,Maharashtra,Scholarship for economically backward class students for higher education in Maharashtra,https://mahadbt.maharashtra.gov.in
SCH009,Krushi Pump Saur Urja Yojana,Agriculture Department Maharashtra,18,70,300000,All,All,Farmer,Maharashtra,Solar pump installation assistance for farmers to reduce electricity cost in Maharashtra,https://mahaurja.com
SCH010,Magel Tyala Saur Krushi Pump,Agriculture Department Maharashtra,18,70,400000,All,All,Farmer,Maharashtra,Free solar agriculture pump for farmers on waiting list under Maharashtra solar scheme,https://mahaurja.com
SCH011,Maharashtra Shetkari Sanman Yojana,Agriculture Department Maharashtra,18,70,200000,All,All,Farmer,Maharashtra,Loan waiver and financial relief for distressed farmers in Maharashtra,https://krishi.maharashtra.gov.in
SCH012,Gopinath Munde Shetkari Apghat Vima,Agriculture Department Maharashtra,10,75,500000,All,All,Farmer,Maharashtra,Accidental insurance up to Rs 2 lakh for farmers and family members in Maharashtra,https://krishi.maharashtra.gov.in
SCH013,Maharashtra Gharkul Yojana Urban,Housing Department Maharashtra,18,65,200000,All,All,All,Maharashtra,Subsidised housing for urban poor and slum dwellers in Maharashtra cities,https://mhada.gov.in
SCH014,MHADA Lottery Housing Scheme,MHADA Maharashtra,21,65,800000,All,All,All,Maharashtra,Affordable housing through lottery system for different income groups in Maharashtra,https://mhada.gov.in
SCH015,Maharashtra Handicraft Artisan Scheme,Industries Department Maharashtra,18,60,300000,All,All,All,Maharashtra,Financial assistance and marketing support for traditional handicraft artisans in Maharashtra,https://industries.maharashtra.gov.in
SCH016,Pandit Dindayal Upadhyay Swayam Yojana,Social Justice Maharashtra,18,55,100000,All,SC ST OBC,Unemployed,Maharashtra,Self employment loan scheme for SC ST OBC youth to start small business in Maharashtra,https://sjsa.maharashtra.gov.in
SCH017,Maharashtra Berojgar Bhatta Yojana,Skill Development Maharashtra,18,35,300000,All,All,Unemployed,Maharashtra,Monthly unemployment allowance for educated unemployed youth registered on job portal,https://mahaswayam.gov.in
SCH018,Kishori Shakti Yojana Maharashtra,Women and Child Maharashtra,11,18,100000,Female,All,Student,Maharashtra,Nutrition health and skill development support for adolescent girls in Maharashtra,https://womenchild.maharashtra.gov.in
SCH019,Maharashtra Mathadi Worker Scheme,Labour Department Maharashtra,18,60,300000,All,All,Daily Wage Worker,Maharashtra,Social security health and housing benefits for unorganised construction and mathadi workers,https://mathadi.maharashtra.gov.in
SCH020,Vasantrao Naik Tanda Vasti Vikas,Tribal Department Maharashtra,18,65,100000,All,ST,All,Maharashtra,Infrastructure development and livelihood support for Vimukta Jati Nomadic Tribe settlements,https://vjnt.maharashtra.gov.in
SCH021,Maharashtra Street Vendor Scheme,Urban Development Maharashtra,18,60,150000,All,All,Street Vendor,Maharashtra,Working capital loan and identity card for registered street vendors in Maharashtra cities,https://urban.maharashtra.gov.in
SCH022,Mahadbt Scholarship SC Students,Social Justice Maharashtra,15,30,250000,All,SC,Student,Maharashtra,Post matric scholarship covering tuition fees and maintenance allowance for SC students,https://mahadbt.maharashtra.gov.in
SCH023,Mahadbt Scholarship ST Students,Tribal Department Maharashtra,15,30,250000,All,ST,Student,Maharashtra,Post matric scholarship covering tuition fees and maintenance allowance for ST students,https://mahadbt.maharashtra.gov.in
SCH024,Maharashtra Senior Citizen Scheme,Social Justice Maharashtra,60,100,200000,All,All,All,Maharashtra,Monthly pension and free medical assistance for senior citizens above 60 in Maharashtra,https://sjsa.maharashtra.gov.in
SCH025,Divyang Scholarship Maharashtra,Social Justice Maharashtra,14,25,300000,All,All,Student,Maharashtra,Scholarship and assistive device support for students with disabilities in Maharashtra,https://sjsa.maharashtra.gov.in
SCH026,Maharashtra Nanaji Deshmukh Krishi Sanjivani,Agriculture Department Maharashtra,18,70,300000,All,All,Farmer,Maharashtra,Climate resilient agriculture support and water conservation assistance for Maharashtra farmers,https://krishi.maharashtra.gov.in
SCH027,Pradhan Mantri Awas Yojana Maharashtra,Housing Department Maharashtra,18,70,300000,All,All,All,Maharashtra,Central government housing scheme implemented in Maharashtra for EWS and LIG families,https://mhada.gov.in
SCH028,Maharashtra Mukhyamantri Sahayata Nidhi,Disaster Management Maharashtra,18,100,200000,All,All,All,Maharashtra,Emergency financial assistance for Maharashtra citizens affected by natural disasters,https://relief.maharashtra.gov.in
SCH029,Yashwantrao Chavan Mukt Vasahat Yojana,Social Justice Maharashtra,18,65,100000,All,SC,All,Maharashtra,Free land and housing for destitute SC families living without shelter in Maharashtra,https://sjsa.maharashtra.gov.in
SCH030,Maharashtra Agri Tool Subsidy Scheme,Agriculture Department Maharashtra,18,70,400000,All,All,Farmer,Maharashtra,Up to 50 percent subsidy on purchase of modern agricultural tools and machinery for farmers,https://krishi.maharashtra.gov.in